{"cameraMode":{"drawMode":0,"name":"Shaded","section":"Shading Mode"},"sceneLighting":true,"audioPlay":false,"sceneViewState":{"m_AlwaysRefresh":false,"showFog":true,"showSkybox":false,"showFlares":true,"showImageEffects":true,"showParticleSystems":true,"showVisualEffectGraphs":true,"m_FxEnabled":true},"in2DMode":false,"pivot":{"x":2656.96630859375,"y":-207.64694213867188,"z":2331.827880859375},"rotation":{"x":0.021306384354829789,"y":-0.012002579867839814,"z":0.0002579030697233975,"w":0.9997061491012573},"size":4402.61474609375,"orthographic":false}